Title/Job Descr,Title/Job Code,CTO Name
ACADEMIC ADMINISTRATOR I,1061,ACADEMIC-ADMINISTRATOR
ACADEMIC ADMINISTRATOR I NEX,961,ACADEMIC-ADMINISTRATOR
ACADEMIC ADMINISTRATOR II,1062,ACADEMIC-ADMINISTRATOR
ACADEMIC ADMINISTRATOR II NEX,962,ACADEMIC-ADMINISTRATOR
ACADEMIC ADMINISTRATOR III,1063,ACADEMIC-ADMINISTRATOR
ACADEMIC ADMINISTRATOR III NEX,963,ACADEMIC-ADMINISTRATOR
ACADEMIC ADMINISTRATOR IV,1064,ACADEMIC-ADMINISTRATOR
ACADEMIC ADMINISTRATOR IV NEX,964,ACADEMIC-ADMINISTRATOR
ACADEMIC ADMINISTRATOR V,1065,ACADEMIC-ADMINISTRATOR
ACADEMIC ADMINISTRATOR V NEX,965,ACADEMIC-ADMINISTRATOR
ACADEMIC ADMINISTRATOR VI,1066,ACADEMIC-ADMINISTRATOR
ACADEMIC ADMINISTRATOR VI NEX,966,ACADEMIC-ADMINISTRATOR
ACADEMIC ADMINISTRATOR VII,1067,ACADEMIC-ADMINISTRATOR
ACADEMIC ADMINISTRATOR VII NEX,967,ACADEMIC-ADMINISTRATOR
ACADEMIC ASST TO CHANC,801,MISCELLANEOUS TITLES-SINGLE TITLES
ACADEMIC ASST TO VICE CHANC,800,MISCELLANEOUS TITLES-SINGLE TITLES
ACADEMIC COORD I-AY,840,ACADEMIC COORDINATOR
ACADEMIC COORD I-AY NEX,850,ACADEMIC COORDINATOR
ACADEMIC COORD I-FY,841,ACADEMIC COORDINATOR
ACADEMIC COORD I-FY NEX,851,ACADEMIC COORDINATOR
ACADEMIC COORD II-AY,842,ACADEMIC COORDINATOR
ACADEMIC COORD II-AY NEX,852,ACADEMIC COORDINATOR
ACADEMIC COORD II-FY,843,ACADEMIC COORDINATOR
ACADEMIC COORD II-FY NEX,853,ACADEMIC COORDINATOR
ACADEMIC COORD III-AY,844,ACADEMIC COORDINATOR
ACADEMIC COORD III-AY NEX,854,ACADEMIC COORDINATOR
ACADEMIC COORD III-FY,845,ACADEMIC COORDINATOR
ACADEMIC COORD III-FY NEX,855,ACADEMIC COORDINATOR
ACT AGRON AES,3007,AGRONOMIST-ACTING
ACT AGRON AES-AY,3064,AGRONOMIST-ACTING
ACT AGRON AES-B/E/E,3044,AGRONOMIST-ACTING
ACT AGRON AES-B/E/E-AY,3066,AGRONOMIST-ACTING
ACT AGRON AES-SFT-VM,3009,AGRONOMIST-ACTING
ACT ASSOC AGRON AES,3017,AGRONOMIST-ACTING
ACT ASSOC AGRON AES-AY,3074,AGRONOMIST-ACTING
ACT ASSOC AGRON AES-B/E/E,3045,AGRONOMIST-ACTING
ACT ASSOC AGRON AES-B/E/E-AY,3076,AGRONOMIST-ACTING
ACT ASSOC AGRON AES-SFT-VM,3019,AGRONOMIST-ACTING
ACT ASSOC PROF OF TEACH-AY,1581,ACTING PROF OF TEACHING - SOE
ACT ASSOC PROF OF TEACH-FY,1584,ACTING PROF OF TEACHING - SOE
ACT ASSOC PROF OF TEACH-HCOMP,1598,ACTING PROF OF TEACHING - SOE
ACT ASSOC PROF OF TEACH-SFT-VM,1595,ACTING PROF OF TEACHING - SOE
ACT ASSOC PROF TEACH-AY-B/E/E,1587,ACTING PROF OF TEACHING - SOE
ACT ASSOC PROF TEACH-FY-B/E/E,1590,ACTING PROF OF TEACHING - SOE
ACT ASSOC PROF-AY,1207,ACTING PROFESSOR-SENATE
ACT ASSOC PROF-AY-1/9,1201,ACTING PROFESSOR-SENATE
ACT ASSOC PROF-AY-1/9-B/E/E,1976,ACTING PROFESSOR-SENATE
ACT ASSOC PROF-AY-B/E/E,1974,ACTING PROFESSOR-SENATE
ACT ASSOC PROF-FY,1217,ACTING PROFESSOR-SENATE
ACT ASSOC PROF-FY-B/E/E,1975,ACTING PROFESSOR-SENATE
ACT ASSOC PROF-HCOMP,1540,ACTING PROFESSOR-SENATE
ACT ASSOC PROF-SFT-VM,1900,ACTING PROFESSOR-SENATE
ACT ASST AGRON AES,3027,AGRONOMIST-ACTING
ACT ASST AGRON AES-AY,3084,AGRONOMIST-ACTING
ACT ASST AGRON AES-B/E/E,3046,AGRONOMIST-ACTING
ACT ASST AGRON AES-B/E/E/-AY,3086,AGRONOMIST-ACTING
ACT ASST AGRON AES-SFT-VM,3029,AGRONOMIST-ACTING
ACT ASST PROF OF TEACH-AY,1582,ACTING PROF OF TEACHING - PSOE
ACT ASST PROF OF TEACH-AY-LAW,1593,ACTING PROF OF TEACHING - PSOE
ACT ASST PROF OF TEACH-FY,1585,ACTING PROF OF TEACHING - PSOE
ACT ASST PROF OF TEACH-HCOMP,1599,ACTING PROF OF TEACHING - PSOE
ACT ASST PROF OF TEACH-SFT-VM,1596,ACTING PROF OF TEACHING - PSOE
ACT ASST PROF TEACH-AY-B/E/E,1588,ACTING PROF OF TEACHING - PSOE
ACT ASST PROF TEACH-FY-B/E/E,1591,ACTING PROF OF TEACHING - PSOE
ACT ASST PROF-AY,1307,ACTING PROFESSOR-NON-SENATE
ACT ASST PROF-AY-1/9,1301,ACTING PROFESSOR-NON-SENATE
ACT ASST PROF-AY-1/9-B/E/E,1979,ACTING PROFESSOR-NON-SENATE
ACT ASST PROF-AY-B/E/E,1977,ACTING PROFESSOR-NON-SENATE
ACT ASST PROF-FY,1317,ACTING PROFESSOR-NON-SENATE
ACT ASST PROF-FY-B/E/E,1978,ACTING PROFESSOR-NON-SENATE
ACT ASST PROF-HCOMP,1564,ACTING PROFESSOR-NON-SENATE
ACT ASST PROF-SFT-VM,1898,ACTING PROFESSOR-NON-SENATE
ACT PROF OF TEACH-AY,1580,ACTING PROF OF TEACHING - SOE
ACT PROF OF TEACH-AY-B/E/E,1586,ACTING PROF OF TEACHING - SOE
ACT PROF OF TEACH-AY-LAW,1592,ACTING PROF OF TEACHING - SOE
ACT PROF OF TEACH-FY,1583,ACTING PROF OF TEACHING - SOE
ACT PROF OF TEACH-FY-B/E/E,1589,ACTING PROF OF TEACHING - SOE
ACT PROF OF TEACH-HCOMP,1597,ACTING PROF OF TEACHING - SOE
ACT PROF OF TEACH-SFT-VM,1594,ACTING PROF OF TEACHING - SOE
ACT PROF-AY,1107,ACTING PROFESSOR-SENATE
ACT PROF-AY-1/9,1101,ACTING PROFESSOR-SENATE
ACT PROF-AY-1/9-B/E/E,1973,ACTING PROFESSOR-SENATE
ACT PROF-AY-1/9-LAW,1183,ACTING PROFESSOR-SENATE
ACT PROF-AY-B/E/E,1971,ACTING PROFESSOR-SENATE
ACT PROF-AY-LAW,1182,ACTING PROFESSOR-SENATE
ACT PROF-FY,1117,ACTING PROFESSOR-SENATE
ACT PROF-FY-B/E/E,1972,ACTING PROFESSOR-SENATE
ACT PROF-HCOMP,1542,ACTING PROFESSOR-SENATE
ACT PROF-SFT-VM,1902,ACTING PROFESSOR-SENATE
ACT/INTERIM ASSISTANT DEAN,1027,ACTING DEAN AND ACTING PROVOST
ACT/INTERIM ASSOC DEAN,1017,ACTING DEAN AND ACTING PROVOST
ACT/INTERIM ASSOC DIRECTOR,917,ACTING DIRECTOR
ACT/INTERIM ASSOC VICE CHANC,804,MISCELLANEOUS TITLES-SINGLE TITLES
ACT/INTERIM ASSOC VICE PROVOST,1087,ACTING DEAN AND ACTING PROVOST
ACT/INTERIM ASST DIRECTOR,927,ACTING DIRECTOR
ACT/INTERIM COLLEGE PROVOST,1047,ACTING DEAN AND ACTING PROVOST
ACT/INTERIM DEAN,1007,ACTING DEAN AND ACTING PROVOST
ACT/INTERIM DEPARTMENT CHAIR,1095,ACTING DEPARTMENT CHAIRPERSON
ACT/INTERIM DIRECTOR,907,ACTING DIRECTOR
ACT/INTERIM DIVISIONAL DEAN,1037,ACTING DEAN AND ACTING PROVOST
ACT/INTERIM VICE PROVOST,1077,ACTING DEAN AND ACTING PROVOST
ADDL COMP-HGH&OLIVE VIEW MCS,3990,SUPPLEMENTAL PAY CODES
ADJ INSTR-AY,3288,ADJUNCT PROFESSOR
ADJ INSTR-FY,3289,ADJUNCT PROFESSOR
ADJ INSTR-HCOMP,1727,ADJUNCT PROFESSOR
ADJ PROF-AY,3258,ADJUNCT PROFESSOR
ADJ PROF-AY-1/10,3367,ADJUNCT PROFESSOR
ADJ PROF-AY-1/10-BEE,3380,ADJUNCT PROFESSOR
ADJ PROF-AY-1/9,3363,ADJUNCT PROFESSOR
ADJ PROF-AY-1/9-B/E/E,3379,ADJUNCT PROFESSOR
ADJ PROF-AY-B/E/E,3377,ADJUNCT PROFESSOR
ADJ PROF-FY,3259,ADJUNCT PROFESSOR
ADJ PROF-FY-B/E/E,3378,ADJUNCT PROFESSOR
ADJ PROF-HCOMP,1730,ADJUNCT PROFESSOR
ADJ PROF-SFT-VM,1910,ADJUNCT PROFESSOR
ADMIN STIPEND,1099,SUPPLEMENTAL PAY CODES
AGRON AES,3000,AGRONOMIST-TENURE
AGRON AES-AY,3060,AGRONOMIST-TENURE
AGRON AES-B/E/E,3012,AGRONOMIST-TENURE
AGRON AES-B/E/E-AY,3062,AGRONOMIST-TENURE
AGRON AES-SFT-VM,3001,AGRONOMIST-TENURE
ASSOC ADJ PROF-AY,3268,ADJUNCT PROFESSOR
ASSOC ADJ PROF-AY-1/10,3366,ADJUNCT PROFESSOR
ASSOC ADJ PROF-AY-1/10-BEE,3369,ADJUNCT PROFESSOR
ASSOC ADJ PROF-AY-1/9,3362,ADJUNCT PROFESSOR
ASSOC ADJ PROF-AY-1/9-B/E/E,3376,ADJUNCT PROFESSOR
ASSOC ADJ PROF-AY-B/E/E,3374,ADJUNCT PROFESSOR
ASSOC ADJ PROF-FY,3269,ADJUNCT PROFESSOR
ASSOC ADJ PROF-FY-B/E/E,3375,ADJUNCT PROFESSOR
ASSOC ADJ PROF-HCOMP,1729,ADJUNCT PROFESSOR
ASSOC ADJ PROF-SFT-VM,1909,ADJUNCT PROFESSOR
ASSOC AGRON AES,3010,AGRONOMIST-TENURE
ASSOC AGRON AES-AY,3070,AGRONOMIST-TENURE
ASSOC AGRON AES-AY-B/E/E,3072,AGRONOMIST-TENURE
ASSOC AGRON AES-B/E/E,3013,AGRONOMIST-TENURE
ASSOC AGRON AES-SFT-VM,3011,AGRONOMIST-TENURE
ASSOC ASTRONOMER,3110,ASTRONOMER-TENURE
ASSOC CLIN PROF-VOL,2037,CLINICAL PROFESSOR - VOLUNTEER
ASSOC COLLEGE PROVOST,1052,PROVOST
ASSOC COOP EXT ADVISOR,3451,COOPERATIVE EXTENSION ADVISOR
ASSOC COOP EXT ADVISOR NEX,3452,COOPERATIVE EXTENSION ADVISOR
ASSOC COORD PUB PROG NON REP,3559,MISCELLANEOUS TITLES-SERIES
ASSOC COORD PUBLIC PROG,3560,MISCELLANEOUS TITLES-SERIES
ASSOC COORD PUBLIC PROG NEX,3564,MISCELLANEOUS TITLES-SERIES
ASSOC COORD PUBPROG NEX NONREP,3567,MISCELLANEOUS TITLES-SERIES
ASSOC CURATOR,3651,MISCELLANEOUS TITLES-SERIES
ASSOC DEAN,1010,DEAN
ASSOC DEAN-AY,1011,DEAN
ASSOC DIRECTOR,910,DIRECTOR
ASSOC DIVISIONAL DEAN,1032,DIVISIONAL DEAN
ASSOC FLD PROG SUPV,3234,MISCELLANEOUS TITLES-SERIES
ASSOC IN       -AY-1/10-GSHIP,1508,ASSOCIATE-STUDENT
ASSOC IN       -AY-1/9-GSHIP,1506,ASSOCIATE-STUDENT
ASSOC IN     - FY-GSHIP,1511,ASSOCIATE-STUDENT
ASSOC IN          -AY-GSHIP,1501,ASSOCIATE-STUDENT
ASSOC IN     -AY-NON-GSHIP,1502,ASSOCIATE-STUDENT
ASSOC IN     -FY-NON-GSHIP,1512,ASSOCIATE-STUDENT
ASSOC IN    -AY- 1/10 -NON-GSHIP,1509,ASSOCIATE-STUDENT
ASSOC IN    -AY- 1/9 -NON-GSHIP,1507,ASSOCIATE-STUDENT
ASSOC LAW LIBRARIAN,3639,ASSOC & ASST UNIVERSITY LIBRARIAN
ASSOC LAW LIBRARIAN NEX,3640,ASSOC & ASST UNIVERSITY LIBRARIAN
ASSOC LIBRARIAN -CAREER STATUS,3616,LIBRARIAN
ASSOC LIBRARIAN-CAREER NEX,3666,LIBRARIAN
ASSOC LIBRARIAN-CAREER NON REP,3604,LIBRARIAN
ASSOC LIBRARIAN-POTLCAR NONREP,3605,LIBRARIAN
ASSOC LIBRARIAN-POTNTL CAR NEX,3667,LIBRARIAN
ASSOC LIBRARIAN-POTNTL CAREER,3617,LIBRARIAN
ASSOC LIBRARIAN-TEMP NEX,3668,LIBRARIAN
ASSOC LIBRARIAN-TEMP STATUS,3618,LIBRARIAN
ASSOC PROF IN RES-AY,3260,PROFESSOR IN RESIDENCE
ASSOC PROF IN RES-AY-1/10-B/E/E,3346,PROFESSOR IN RESIDENCE
ASSOC PROF IN RES-AY-1/9,3352,PROFESSOR IN RESIDENCE
ASSOC PROF IN RES-AY-1/9-B/E/E,3386,PROFESSOR IN RESIDENCE
ASSOC PROF IN RES-AY-B/E/E,3384,PROFESSOR IN RESIDENCE
ASSOC PROF IN RES-FY,3261,PROFESSOR IN RESIDENCE
ASSOC PROF IN RES-FY-B/E/E,3385,PROFESSOR IN RESIDENCE
ASSOC PROF IN RES-HCOMP,1725,PROFESSOR IN RESIDENCE
ASSOC PROF IN RES-SFT-VM,1905,PROFESSOR IN RESIDENCE
ASSOC PROF OF CLIN-FY,1451,PROFESSOR OF CLINICAL                        
ASSOC PROF OF CLIN-HCOMP,1454,PROFESSOR OF CLINICAL                        
ASSOC PROF OF CLIN-SFT-VM,1916,PROFESSOR OF CLINICAL                        
ASSOC PROF OF TEACH-AY,1607,PROFESSOR OF TEACHING - SOE
ASSOC PROF OF TEACH-AY-1/10,1614,PROFESSOR OF TEACHING - SOE
ASSOC PROF OF TEACH-AY-1/9,1608,PROFESSOR OF TEACHING - SOE
ASSOC PROF OF TEACH-AY-B/E/E,1687,PROFESSOR OF TEACHING - SOE
ASSOC PROF OF TEACH-FY,1617,PROFESSOR OF TEACHING - SOE
ASSOC PROF OF TEACH-FY-B/E/E,1690,PROFESSOR OF TEACHING - SOE
ASSOC PROF OF TEACH-HCOMP,1618,PROFESSOR OF TEACHING - SOE
ASSOC PROF OF TEACH-SFT-VM,1669,PROFESSOR OF TEACHING - SOE
ASSOC PROF TEACH-AY-1/10-B/E/E,1673,PROFESSOR OF TEACHING - SOE
ASSOC PROF TEACH-AY-1/9-B/E/E,1695,PROFESSOR OF TEACHING - SOE
ASSOC PROF TEACH-EMERITUS(WOS),1620,PROFESSOR OF TEACHING-EMERITUS
ASSOC PROF-AY,1200,PROFESSORIAL-TENURE
ASSOC PROF-AY-1/9,1203,PROFESSORIAL-TENURE
ASSOC PROF-AY-1/9-B/E/E,1245,PROFESSORIAL-TENURE
ASSOC PROF-AY-B/E/E,1243,PROFESSORIAL-TENURE
ASSOC PROF-FY,1210,PROFESSORIAL-TENURE
ASSOC PROF-FY-B/E/E,1244,PROFESSORIAL-TENURE
ASSOC PROF-HCOMP,1719,PROFESSORIAL-TENURE
ASSOC PROF-SFT-VM,1899,PROFESSORIAL-TENURE
ASSOC PROJ SCIENTIST (WOS),3488,PROJECT SERIES
ASSOC PROJ SCIENTIST-FY,3392,PROJECT SERIES
ASSOC PROJ SCIENTIST-FY NEX,3492,PROJECT SERIES
ASSOC PROJ SCIENTIST-FY-B/E/E,3393,PROJECT SERIES
ASSOC PROJ SCI-FY NEX NON REP,3415,PROJECT SERIES
ASSOC PROJ SCI-FY NON REP,3405,PROJECT SERIES
ASSOC PROJ SCI-FY-B/E/E NONREP,3406,PROJECT SERIES
ASSOC PROJ SCNTST-FY-B/E/E NEX,3493,PROJECT SERIES
ASSOC PROJSC-FY-BEE NEX NONREP,3416,PROJECT SERIES
ASSOC RES (WOS),3212,PROFESSIONAL RESEARCH-REGULAR
ASSOC RES PROF-MILLER INST-AY,3292,OTHER RESEARCH
ASSOC RES PROF-MILLER INST-FY,3293,OTHER RESEARCH
ASSOC RES SCRIPPS-AY,1936,PROFESSIONAL RESEARCH-REGULAR
ASSOC RES-FY,3210,PROFESSIONAL RESEARCH-REGULAR
ASSOC RES-FY NEX,3180,PROFESSIONAL RESEARCH-REGULAR
ASSOC RES-FY NEX NON REP,3181,PROFESSIONAL RESEARCH-REGULAR
ASSOC RES-FY-B/E/E,1988,PROFESSIONAL RESEARCH-REGULAR
ASSOC RES-FY-B/E/E NEX,1998,PROFESSIONAL RESEARCH-REGULAR
ASSOC RES-FY-B/E/E NEX NON REP,2008,PROFESSIONAL RESEARCH-REGULAR
ASSOC RES-FY-B/E/E-NON REP,1994,PROFESSIONAL RESEARCH-REGULAR
ASSOC RES-FY-NON REP,3217,PROFESSIONAL RESEARCH-REGULAR
ASSOC RES-LR SCL-AY,3213,PROFESSIONAL RESEARCH-REGULAR
ASSOC RES-LR SCL-AY-1/9,3215,PROFESSIONAL RESEARCH-REGULAR
ASSOC RES-LR SCL-AY-1/9-B/E/E,1984,PROFESSIONAL RESEARCH-REGULAR
ASSOC RES-LR SCL-AY-B/E/E,1983,PROFESSIONAL RESEARCH-REGULAR
ASSOC RES-LR SCL-FY,3211,PROFESSIONAL RESEARCH-REGULAR
ASSOC RES-LR SCL-FY-B/E/E,1991,PROFESSIONAL RESEARCH-REGULAR
ASSOC RES-SFT,3216,PROFESSIONAL RESEARCH-REGULAR
ASSOC RES-SFT NEX,3186,PROFESSIONAL RESEARCH-REGULAR
ASSOC SPECIALIST,3310,SPECIALIST
ASSOC SPECIALIST (WOS),3312,SPECIALIST
ASSOC SPECIALIST AES,3014,SPECIALIST IN A.E.S.
ASSOC SPECIALIST AES NEX,3114,SPECIALIST IN A.E.S.
ASSOC SPECIALIST COOP EXT,3477,SPECIALIST IN COOPERATIVE EXTENSION
ASSOC SPECIALIST COOP EXT NEX,3478,SPECIALIST IN COOPERATIVE EXTENSION
ASSOC SPECIALIST NEX,3311,SPECIALIST
ASSOC SPECIALIST NEX NON REP,3314,SPECIALIST
ASSOC SPECIALIST NON REP,3313,SPECIALIST
ASSOC UNIV LIBRARIAN,3600,ASSOC & ASST UNIVERSITY LIBRARIAN
ASSOC UNIV LIBRARIAN NEX,3601,ASSOC & ASST UNIVERSITY LIBRARIAN
ASSOC VICE CHANC,803,MISCELLANEOUS TITLES-SINGLE TITLES
ASSOC VICE PROVOST,1069,PROVOST
ASST ADJ PROF-AY,3278,ADJUNCT PROFESSOR
ASST ADJ PROF-AY-1/10,3365,ADJUNCT PROFESSOR
ASST ADJ PROF-AY-1/10-BEE,3368,ADJUNCT PROFESSOR
ASST ADJ PROF-AY-1/9,3361,ADJUNCT PROFESSOR
ASST ADJ PROF-AY-1/9-B/E/E,3373,ADJUNCT PROFESSOR
ASST ADJ PROF-AY-B/E/E,3371,ADJUNCT PROFESSOR
ASST ADJ PROF-FY,3279,ADJUNCT PROFESSOR
ASST ADJ PROF-FY-B/E/E,3372,ADJUNCT PROFESSOR
ASST ADJ PROF-HCOMP,1728,ADJUNCT PROFESSOR
ASST ADJ PROF-SFT-VM,1908,ADJUNCT PROFESSOR
ASST AGRON AES,3020,AGRONOMIST-NON-TENURE
ASST AGRON AES-AY,3080,AGRONOMIST-NON-TENURE
ASST AGRON AES-AY-B/E/E,3082,AGRONOMIST-NON-TENURE
ASST AGRON AES-B/E/E,3015,AGRONOMIST-NON-TENURE
ASST AGRON AES-SFT-VM,3021,AGRONOMIST-NON-TENURE
ASST CLIN PROF-VOL,2057,CLINICAL PROFESSOR - VOLUNTEER
ASST COLLEGE PROVOST,1051,PROVOST
ASST COOP EXT ADVISOR,3461,COOPERATIVE EXTENSION ADVISOR
ASST COOP EXT ADVISOR NEX,3462,COOPERATIVE EXTENSION ADVISOR
ASST COORD PUB PROG NEX NONREP,3568,MISCELLANEOUS TITLES-SERIES
ASST COORD PUB PROG NON REP,3561,MISCELLANEOUS TITLES-SERIES
ASST COORD PUBLIC PROG,3562,MISCELLANEOUS TITLES-SERIES
ASST COORD PUBLIC PROG NEX,3565,MISCELLANEOUS TITLES-SERIES
ASST CURATOR,3652,MISCELLANEOUS TITLES-SERIES
ASST DEAN,1020,DEAN
ASST DIRECTOR,920,DIRECTOR
ASST LAW LIBRARIAN,3637,ASSOC & ASST UNIVERSITY LIBRARIAN
ASST LAW LIBRARIAN NEX,3638,ASSOC & ASST UNIVERSITY LIBRARIAN
ASST LIBRARIAN-CAREER NEX,3670,LIBRARIAN
ASST LIBRARIAN-CAREER NON REP,3606,LIBRARIAN
ASST LIBRARIAN-CAREER STATUS,3620,LIBRARIAN
ASST LIBRARIAN-POTLCAR NONREP,3607,LIBRARIAN
ASST LIBRARIAN-POTNTL CAR NEX,3671,LIBRARIAN
ASST LIBRARIAN-POTNTL CAREER,3621,LIBRARIAN
ASST LIBRARIAN-TEMP STATUS,3622,LIBRARIAN
ASST LIBRARIAN-TEMP STATUS NEX,3672,LIBRARIAN
ASST PROF IN RES-AY,3270,PROFESSOR IN RESIDENCE
ASST PROF IN RES-AY-1/10-B/E/E,3347,PROFESSOR IN RESIDENCE
ASST PROF IN RES-AY-1/9,3351,PROFESSOR IN RESIDENCE
ASST PROF IN RES-AY-1/9-B/E/E,3389,PROFESSOR IN RESIDENCE
ASST PROF IN RES-AY-B/E/E,3387,PROFESSOR IN RESIDENCE
ASST PROF IN RES-FY,3271,PROFESSOR IN RESIDENCE
ASST PROF IN RES-FY-B/E/E,3388,PROFESSOR IN RESIDENCE
ASST PROF IN RES-HCOMP,1724,PROFESSOR IN RESIDENCE
ASST PROF IN RES-SFT-VM,1904,PROFESSOR IN RESIDENCE
ASST PROF OF CLIN-FY,1452,PROFESSOR OF CLINICAL                        
ASST PROF OF CLIN-HCOMP,1455,PROFESSOR OF CLINICAL                        
ASST PROF OF CLIN-SFT-VM,1915,PROFESSOR OF CLINICAL                        
ASST PROF OF TEACH-AY,1680,PROFESSOR OF TEACHING - PSOE
ASST PROF OF TEACH-AY-1/10,1678,PROFESSOR OF TEACHING - PSOE
ASST PROF OF TEACH-AY-1/10-LAW,1659,PROFESSOR OF TEACHING - PSOE
ASST PROF OF TEACH-AY-1/9,1681,PROFESSOR OF TEACHING - PSOE
ASST PROF OF TEACH-AY-1/9-LAW,1657,PROFESSOR OF TEACHING - PSOE
ASST PROF OF TEACH-AY-B/E/E,1688,PROFESSOR OF TEACHING - PSOE
ASST PROF OF TEACH-AY-LAW,1694,PROFESSOR OF TEACHING - PSOE
ASST PROF OF TEACH-FY,1682,PROFESSOR OF TEACHING - PSOE
ASST PROF OF TEACH-FY-B/E/E,1691,PROFESSOR OF TEACHING - PSOE
ASST PROF OF TEACH-HCOMP,1679,PROFESSOR OF TEACHING - PSOE
ASST PROF OF TEACH-SFT-VM,1670,PROFESSOR OF TEACHING - PSOE
ASST PROF TEACH-AY-1/10-B/E/E,1674,PROFESSOR OF TEACHING - PSOE
ASST PROF TEACH-AY-1/9-B/E/E,1696,PROFESSOR OF TEACHING - PSOE
ASST PROF-AY,1300,PROFESSORIAL-NON-TENURE
ASST PROF-AY-1/9,1303,PROFESSORIAL-NON-TENURE
ASST PROF-AY-1/9-B/E/E,1345,PROFESSORIAL-NON-TENURE
ASST PROF-AY-B/E/E,1343,PROFESSORIAL-NON-TENURE
ASST PROF-FY,1310,PROFESSORIAL-NON-TENURE
ASST PROF-FY-B/E/E,1344,PROFESSORIAL-NON-TENURE
ASST PROF-HCOMP,1717,PROFESSORIAL-NON-TENURE
ASST PROF-SFT-VM,1897,PROFESSORIAL-NON-TENURE
ASST PROJ SCIENTIST (WOS),3489,PROJECT SERIES
ASST PROJ SCIENTIST-FY,3394,PROJECT SERIES
ASST PROJ SCIENTIST-FY NEX,3494,PROJECT SERIES
ASST PROJ SCIENTIST-FY NON REP,3407,PROJECT SERIES
ASST PROJ SCIENTIST-FY-B/E/E,3395,PROJECT SERIES
ASST PROJ SCI-FY NEX NON REP,3417,PROJECT SERIES
ASST PROJ SCI-FY-B/E/E NON REP,3408,PROJECT SERIES
ASST PROJ SCNTST-FY-B/E/E NEX,3495,PROJECT SERIES
ASST PROJSCI-FY-BEE NEX NONREP,3418,PROJECT SERIES
ASST RES (WOS),3222,PROFESSIONAL RESEARCH-REGULAR
ASST RES SCRIPPS-AY,1937,PROFESSIONAL RESEARCH-REGULAR
ASST RES-FY,3220,PROFESSIONAL RESEARCH-REGULAR
ASST RES-FY NEX,3190,PROFESSIONAL RESEARCH-REGULAR
ASST RES-FY NEX NON REP,3191,PROFESSIONAL RESEARCH-REGULAR
ASST RES-FY-B/E/E,1989,PROFESSIONAL RESEARCH-REGULAR
ASST RES-FY-B/E/E NEX,1999,PROFESSIONAL RESEARCH-REGULAR
ASST RES-FY-B/E/E NEX NON REP,2009,PROFESSIONAL RESEARCH-REGULAR
ASST RES-FY-B/E/E-NON REP,1995,PROFESSIONAL RESEARCH-REGULAR
ASST RES-FY-NON REP,3227,PROFESSIONAL RESEARCH-REGULAR
ASST RES-LR SCL-AY,3223,PROFESSIONAL RESEARCH-REGULAR
ASST RES-LR SCL-AY-1/9,3225,PROFESSIONAL RESEARCH-REGULAR
ASST RES-LR SCL-AY-1/9-B/E/E,1986,PROFESSIONAL RESEARCH-REGULAR
ASST RES-LR SCL-AY-B/E/E,1985,PROFESSIONAL RESEARCH-REGULAR
ASST RES-LR SCL-FY,3221,PROFESSIONAL RESEARCH-REGULAR
ASST RES-LR SCL-FY-B/E/E,1992,PROFESSIONAL RESEARCH-REGULAR
ASST RES-SFT,3226,PROFESSIONAL RESEARCH-REGULAR
ASST RES-SFT NEX,3196,PROFESSIONAL RESEARCH-REGULAR
ASST SPECIALIST,3320,SPECIALIST
ASST SPECIALIST (WOS),3322,SPECIALIST
ASST SPECIALIST AES,3024,SPECIALIST IN A.E.S.
ASST SPECIALIST AES NEX,3124,SPECIALIST IN A.E.S.
ASST SPECIALIST COOP EXT,3475,SPECIALIST IN COOPERATIVE EXTENSION
ASST SPECIALIST COOP EXT NEX,3476,SPECIALIST IN COOPERATIVE EXTENSION
ASST SPECIALIST NEX,3321,SPECIALIST
ASST SPECIALIST NEX NON REP,3324,SPECIALIST
ASST SPECIALIST NON REP,3323,SPECIALIST
ASST TEACHER-UNEX,3572,UNIVERSITY EXTENSION-OTHER
ASST UNIV LIBRARIAN,3610,ASSOC & ASST UNIVERSITY LIBRARIAN
ASST UNIV LIBRARIAN NEX,3611,ASSOC & ASST UNIVERSITY LIBRARIAN
ASST VICE CHANC,802,MISCELLANEOUS TITLES-SINGLE TITLES
ASTRONOMER,3100,ASTRONOMER-TENURE
CHAIR-SEN ASMBLY&ACADEMIC CNCL,1059,MISCELLANEOUS TITLES-SINGLE TITLES
CHI GREEN SCHOLAR-UCSD,3297,OTHER RESEARCH
CHIEF RESID PHYS-NON REP,2725,INTERN OR RESIDENT
CHIEF RESID PHYS-REP,2738,INTERN OR RESIDENT
CHIEF RESID PHYS-REP-FNO,2762,INTERN OR RESIDENT
CHIEF RESID PHYS-REP-OV,2745,INTERN OR RESIDENT
CHILD DEV DEMO LECT,2285,MISCELLANEOUS TITLES-SINGLE TITLES
CHILD DEV DEMO LECT-CONTINUING,2284,MISCELLANEOUS TITLES-SINGLE TITLES
CLIN ASSOC/ADMITTING PHYSICIAN,CWR007,CONTINGENT WORKER
CLIN ASSOCIATE-FY,2081,MISCELLANEOUS TITLES-SINGLE TITLES
CLIN INSTR-VOL,2077,CLINICAL PROFESSOR - VOLUNTEER
CLIN PROF-VOL,2017,CLINICAL PROFESSOR - VOLUNTEER
COLLEGE PROVOST,1060,PROVOST
CONTINUING APPT-TEMP AUG-1/9,1653,LECTURER
CONTINUING APPT-TEMP AUG-AY,1652,LECTURER
CONTINUING APPT-TEMP AUG-FY,1655,LECTURER
CONTINUING APPT-TEMP-AUG-1/10,1654,LECTURER
CONTINUING EDUCATOR I,3520,CONTINUING EDUCATOR -UNEX
CONTINUING EDUCATOR I NEX,3530,CONTINUING EDUCATOR -UNEX
CONTINUING EDUCATOR II,3521,CONTINUING EDUCATOR -UNEX
CONTINUING EDUCATOR II NEX,3531,CONTINUING EDUCATOR -UNEX
CONTINUING EDUCATOR III,3522,CONTINUING EDUCATOR -UNEX
CONTINUING EDUCATOR III NEX,3532,CONTINUING EDUCATOR -UNEX
COOP EXT ADVISOR,3441,COOPERATIVE EXTENSION ADVISOR
COOP EXT ADVISOR NEX,3442,COOPERATIVE EXTENSION ADVISOR
COORD FLD WK-AY,2240,INSTRUCTIONAL ASSISTANT
COORD FLD WK-AY-CONTINUING,2241,INSTRUCTIONAL ASSISTANT
COORD FLD WK-FY,2245,INSTRUCTIONAL ASSISTANT
COORD FLD WK-FY-CONTINUING,2246,INSTRUCTIONAL ASSISTANT
COORD PUB PROG NEX NON REP,3566,MISCELLANEOUS TITLES-SERIES
COORD PUB PROG NON REP,3557,MISCELLANEOUS TITLES-SERIES
COORD PUBLIC PROG,3558,MISCELLANEOUS TITLES-SERIES
COORD PUBLIC PROG NEX,3563,MISCELLANEOUS TITLES-SERIES
COURSE AUTHOR-UNEX,3580,UNIVERSITY EXTENSION-OTHER
COURSE AUTHOR-UNEX NEX,3581,UNIVERSITY EXTENSION-OTHER
CURATOR,3650,MISCELLANEOUS TITLES-SERIES
DEAN,1000,DEAN
DEAN-EXTENDED LEARNING,1040,DEAN
DEMO TEACHER,2210,MISCELLANEOUS TITLES-SINGLE TITLES
DEMO TEACHER-CONTINUING,2211,MISCELLANEOUS TITLES-SINGLE TITLES
DEPARTMENT CHAIR,1096,DEPARTMENT CHAIRPERSON
DEPARTMENT VICE CHAIR,1094,DEPARTMENT CHAIRPERSON
DIRECTOR,900,DIRECTOR
DIRECTOR-EAP STUDY CENTER,1070,MISCELLANEOUS TITLES-SERIES
DIVISIONAL DEAN,1030,DIVISIONAL DEAN
EAP-TEMP FACULTY HOUSING ALLOW,3995,SUPPLEMENTAL PAY CODES
EDUCATOR (WOS),1675,MISCELLANEOUS TITLES-SINGLE TITLES
FACULTY ADMIN TRANSITION LV-AY,3900,MISCELLANEOUS TITLES-SINGLE TITLES
FACULTY ADMIN TRANSITION LV-FY,3910,MISCELLANEOUS TITLES-SINGLE TITLES
FACULTY ADVISOR,812,MISCELLANEOUS TITLES-SINGLE TITLES
FACULTY ASST TO CHANC,1044,MISCELLANEOUS TITLES-SINGLE TITLES
FACULTY ASST TO PROVOST/DEAN,1055,MISCELLANEOUS TITLES-SINGLE TITLES
FACULTY ASST TO VICE CHANC,1045,MISCELLANEOUS TITLES-SINGLE TITLES
FACULTY CONSULTANT,3700,MISCELLANEOUS TITLES-SERIES
FACULTY FELLOW RES-AY,3237,POST-GRADUATE RESEARCH-NON-STUDENT
FACULTY FELLOW RES-AY-1/9,3238,POST-GRADUATE RESEARCH-NON-STUDENT
FACULTY RECRUITMENT ALLOW,3993,SUPPLEMENTAL PAY CODES
FLD PROG SUPV,3230,MISCELLANEOUS TITLES-SERIES
FLD WK CONSULT-AY,2260,INSTRUCTIONAL ASSISTANT
FLD WK CONSULT-AY-CONTINUING,2261,INSTRUCTIONAL ASSISTANT
FLD WK CONSULT-FY,2265,INSTRUCTIONAL ASSISTANT
FLD WK CONSULT-FY-CONTINUING,2266,INSTRUCTIONAL ASSISTANT
FLD WK SUPV-AY,2250,INSTRUCTIONAL ASSISTANT
FLD WK SUPV-AY-CONTINUING,2251,INSTRUCTIONAL ASSISTANT
FLD WK SUPV-FY,2255,INSTRUCTIONAL ASSISTANT
FLD WK SUPV-FY-CONTINUING,2256,INSTRUCTIONAL ASSISTANT
GEFFEN K-12 INSTR SUMMER PROG,2434,MISCELLANEOUS TITLES-SINGLE TITLES
GEFFEN K-12 INSTR-AY-1/10-CONT,2433,MISCELLANEOUS TITLES-SINGLE TITLES
GEFFEN K-12 INSTRUCTOR-AY,2430,MISCELLANEOUS TITLES-SINGLE TITLES
GEFFEN K-12 INSTRUCTOR-AY-1/10,2432,MISCELLANEOUS TITLES-SINGLE TITLES
GEFFEN K-12 INSTRUCTOR-AY-CONT,2431,MISCELLANEOUS TITLES-SINGLE TITLES
GRADUATE ADVISOR,810,MISCELLANEOUS TITLES-SINGLE TITLES
GSR TRAINEE/FELLOW SUPPLEMENT,3160,GRADUATE STUDENT RESEARCHER
GSR-FELLOW-NO REM,3144,GRADUATE STUDENT RESEARCHER
GSR-FELLOW-PAID DIR-NO REM,3142,GRADUATE STUDENT RESEARCHER
GSR-FELLOW-PAID DIR-TUIT REM,3143,GRADUATE STUDENT RESEARCHER
GSR-FELLOW-TUIT REM,3145,GRADUATE STUDENT RESEARCHER
GSR-FULL FEE REM,3282,GRADUATE STUDENT RESEARCHER
GSR-FULL TUIT&PARTIAL FEE REM,3283,GRADUATE STUDENT RESEARCHER
GSR-NO REM,3266,GRADUATE STUDENT RESEARCHER
GSR-PARTIAL FEE REM,3276,GRADUATE STUDENT RESEARCHER
GSR-TRAINEE-NO REM,3154,GRADUATE STUDENT RESEARCHER
GSR-TRAINEE-PAID DIR-NO REM,3152,GRADUATE STUDENT RESEARCHER
GSR-TRAINEE-PAID DIR-TUIT REM,3153,GRADUATE STUDENT RESEARCHER
GSR-TRAINEE-TUIT REM,3155,GRADUATE STUDENT RESEARCHER
GSR-TUIT & FEE REM,3284,GRADUATE STUDENT RESEARCHER
GSR-TUIT & FEE REM-UCSD-GRP B,3285,GRADUATE STUDENT RESEARCHER
GSR-TUIT & FEE REM-UCSD-GRP C,3286,GRADUATE STUDENT RESEARCHER
GSR-TUIT & FEE REM-UCSD-GRP D,3287,GRADUATE STUDENT RESEARCHER
GSR-TUIT & FEE REM-UCSD-GRP E,3262,GRADUATE STUDENT RESEARCHER
GSR-TUIT & FEE REM-UCSD-GRP F,3263,GRADUATE STUDENT RESEARCHER
GSR-TUIT & FEE REM-UCSD-GRP G,3264,GRADUATE STUDENT RESEARCHER
HEAL OTH POST-MD 4-6/REP,2766,INTERN OR RESIDENT
HHMI INVESTIGATOR,1969,MISCELLANEOUS TITLES-SINGLE TITLES
HS ASSOC CLIN PROF-AY,2020,HEALTH SCIENCES CLINICAL PROFESSOR
HS ASSOC CLIN PROF-FY,2030,HEALTH SCIENCES CLINICAL PROFESSOR
HS ASSOC CLIN PROF-HCOMP,1733,HEALTH SCIENCES CLINICAL PROFESSOR
HS ASSOC CLIN PROF-SFT-VM,1913,HEALTH SCIENCES CLINICAL PROFESSOR
HS ASST CLIN PROF-AY,2040,HEALTH SCIENCES CLINICAL PROFESSOR
HS ASST CLIN PROF-FY,2050,HEALTH SCIENCES CLINICAL PROFESSOR
HS ASST CLIN PROF-HCOMP,1732,HEALTH SCIENCES CLINICAL PROFESSOR
HS ASST CLIN PROF-SFT-VM,1912,HEALTH SCIENCES CLINICAL PROFESSOR
HS CLIN INSTR-AY,2060,HEALTH SCIENCES CLINICAL PROFESSOR
HS CLIN INSTR-FY,2070,HEALTH SCIENCES CLINICAL PROFESSOR
HS CLIN INSTR-HCOMP,1731,HEALTH SCIENCES CLINICAL PROFESSOR
HS CLIN INSTR-SFT-VM,1911,HEALTH SCIENCES CLINICAL PROFESSOR
HS CLIN PROF-AY,2000,HEALTH SCIENCES CLINICAL PROFESSOR
HS CLIN PROF-FY,2010,HEALTH SCIENCES CLINICAL PROFESSOR
HS CLIN PROF-HCOMP,1734,HEALTH SCIENCES CLINICAL PROFESSOR
HS CLIN PROF-SFT-VM,1914,HEALTH SCIENCES CLINICAL PROFESSOR
INSTR IN RES-HCOMP,1723,PROFESSOR IN RESIDENCE
INSTR-AY-1/9,1403,PROFESSORIAL-NON-TENURE
INSTR-HCOMP,1715,PROFESSORIAL-NON-TENURE
INSTR-SFT-VM,1895,PROFESSORIAL-NON-TENURE
INTERN-CLIN PSYCH-GEN CAMP NEX,2718,MISCELLANEOUS TITLES-SINGLE TITLES
INTERN-CLIN PSYCH-GENL CAMP,2716,MISCELLANEOUS TITLES-SINGLE TITLES
INTERN-CLINICAL PSYCHOLOGY,2715,INTERN OR RESIDENT
INTERN-CLINICAL PSYCHOLOGY NEX,2717,INTERN OR RESIDENT
INTERN-VET MED/NON REP,2714,INTERN OR RESIDENT
INTRM POSTDOC SCHOLAR-EMPLOYEE,3256,POSTDOCTORAL SCHOLAR
JR SPECIALIST,3330,SPECIALIST
JR SPECIALIST (WOS),3328,SPECIALIST
JR SPECIALIST NEX,3329,SPECIALIST
JR SPECIALIST NEX NON REP,3334,SPECIALIST
JR SPECIALIST NON REP,3333,SPECIALIST
K-12 ASST-NON GSHIP/NONREP,2382,OTHER STUDENT TITLES
K-12 DAILY SUBSTITUTE/NONREP,2442,MISCELLANEOUS TITLES-SINGLE TITLES
K-12 INSTRUCTOR-AY,2440,MISCELLANEOUS TITLES-SINGLE TITLES
K-12 INSTRUCTOR-AY-1/10,2441,MISCELLANEOUS TITLES-SINGLE TITLES
LAW LIBRARIAN,3635,ASSOC & ASST UNIVERSITY LIBRARIAN
LAW LIBRARIAN NEX,3636,ASSOC & ASST UNIVERSITY LIBRARIAN
LECT IN SUMMER SESSION,1550,INSTRUCTIONAL ASSISTANT
LECT-AY,1630,LECTURER
LECT-AY-1/10,1636,LECTURER
LECT-AY-1/10-CONTINUING,1637,LECTURER
LECT-AY-1/9,1632,LECTURER
LECT-AY-1/9-CONTINUING,1633,LECTURER
LECT-AY-CONTINUING,1631,LECTURER
LECT-FY,1634,LECTURER
LECT-FY-CONTINUING,1635,LECTURER
LECT-MISCELLANEOUS/PART TIME,1650,MISCELLANEOUS TITLES-SINGLE TITLES
LIBRARIAN-CAREER NON REP,3602,LIBRARIAN
LIBRARIAN-CAREER STATUS,3612,LIBRARIAN
LIBRARIAN-CAREER STATUS NEX,3662,LIBRARIAN
LIBRARIAN-POTNTL CAREER NEX,3663,LIBRARIAN
LIBRARIAN-POTNTL CAREER STATUS,3613,LIBRARIAN
LIBRARIAN-POTNTLCAREER NON REP,3603,LIBRARIAN
LIBRARIAN-TEMP STATUS,3614,LIBRARIAN
LIBRARIAN-TEMP STATUS NEX,3664,LIBRARIAN
LUDWIG INVESTIGATOR,1970,MISCELLANEOUS TITLES-SINGLE TITLES
MILITARY/AIR SCI&TACTICS ASST,2600,MISCELLANEOUS TITLES-SINGLE TITLES
MISCELLANEOUS,3999,MISCELLANEOUS TITLES-SINGLE TITLES
NON-PHYS CLIN TRAIN,2740,INTERN OR RESIDENT
NON-PHYS CLIN TRAIN NEX,2739,INTERN OR RESIDENT
NON-PHYS CLIN TRAIN-GENCMP NEX,2742,MISCELLANEOUS TITLES-SINGLE TITLES
NON-PHYS CLIN TRAIN-GENL CAMP,2741,MISCELLANEOUS TITLES-SINGLE TITLES
NON-SENATE ACAD EMERITUS(WOS),3800,MISCELLANEOUS TITLES-SINGLE TITLES
OMBUDSMAN-ACAD,880,MISCELLANEOUS TITLES-SINGLE TITLES
OTH POST DDS/NON REP,2737,INTERN OR RESIDENT
OTH POST DDS/REP,2758,INTERN OR RESIDENT
OTH POST-MD TRAIN 2-8/NON REP,2732,INTERN OR RESIDENT
OTH POST-MD TRAIN 2-8/REP,2733,INTERN OR RESIDENT
OTH POST-MD TRAIN 2-8/REP-FNO,2764,INTERN OR RESIDENT
OTH POST-MD TRAIN 2-8/REP-OV,2747,INTERN OR RESIDENT
POST DDS I-VI/NON REP,2727,INTERN OR RESIDENT
POST DDS I-VI/REP,2757,INTERN OR RESIDENT
POSTDOC-EMPLOYEE,3252,POSTDOCTORAL SCHOLAR
POSTDOC-EMPLOYEE NEX,3255,POSTDOCTORAL SCHOLAR
POSTDOC-FELLOW,3253,POSTDOCTORAL SCHOLAR
POSTDOC-PAID DIRECT,3254,POSTDOCTORAL SCHOLAR
PRE-SIX YR APPT-TEMP SUPP-1/10,1651,LECTURER
PRE-SIX YR APPT-TEMP SUPP-1/9,1649,LECTURER
PRE-SIX YR APPT-TEMP SUPP-AY,1648,LECTURER
PRE-SIX YR APPT-TEMP SUPP-FY,1638,LECTURER
PREUSS K-12 COUNSELOR-AY,2447,MISCELLANEOUS TITLES-SINGLE TITLES
PREUSS K-12 COUNSELOR-AY-1/10,2448,MISCELLANEOUS TITLES-SINGLE TITLES
PROF EMERITUS(WOS),1132,PROFESSORIAL-EMERITUS
PROF IN RES-AY,3250,PROFESSOR IN RESIDENCE
PROF IN RES-AY-1/10-B/E/E,3345,PROFESSOR IN RESIDENCE
PROF IN RES-AY-1/9,3353,PROFESSOR IN RESIDENCE
PROF IN RES-AY-1/9-B/E/E,3383,PROFESSOR IN RESIDENCE
PROF IN RES-AY-B/E/E,3381,PROFESSOR IN RESIDENCE
PROF IN RES-FY,3251,PROFESSOR IN RESIDENCE
PROF IN RES-FY-B/E/E,3382,PROFESSOR IN RESIDENCE
PROF IN RES-HCOMP,1726,PROFESSOR IN RESIDENCE
PROF IN RES-SFT-VM,1906,PROFESSOR IN RESIDENCE
PROF OF CLIN-FY,1450,PROFESSOR OF CLINICAL                        
PROF OF CLIN-HCOMP,1453,PROFESSOR OF CLINICAL                        
PROF OF CLIN-SFT-VM,1917,PROFESSOR OF CLINICAL                        
PROF OF TEACH-AY,1603,PROFESSOR OF TEACHING - SOE
PROF OF TEACH-AY-1/10,1612,PROFESSOR OF TEACHING - SOE
PROF OF TEACH-AY-1/10-B/E/E,1672,PROFESSOR OF TEACHING - SOE
PROF OF TEACH-AY-1/10-LAW,1658,PROFESSOR OF TEACHING - SOE
PROF OF TEACH-AY-1/9,1604,PROFESSOR OF TEACHING - SOE
PROF OF TEACH-AY-1/9-B/E/E,1692,PROFESSOR OF TEACHING - SOE
PROF OF TEACH-AY-1/9-LAW,1656,PROFESSOR OF TEACHING - SOE
PROF OF TEACH-AY-B/E/E,1686,PROFESSOR OF TEACHING - SOE
PROF OF TEACH-AY-LAW,1693,PROFESSOR OF TEACHING - SOE
PROF OF TEACH-EMERITUS(WOS),1621,PROFESSOR OF TEACHING-EMERITUS
PROF OF TEACH-FY,1613,PROFESSOR OF TEACHING - SOE
PROF OF TEACH-FY-B/E/E,1689,PROFESSOR OF TEACHING - SOE
PROF OF TEACH-HCOMP,1619,PROFESSOR OF TEACHING - SOE
PROF OF TEACH-SFT-VM,1668,PROFESSOR OF TEACHING - SOE
PROF-AY,1100,PROFESSORIAL-TENURE
PROF-AY-1/9,1103,PROFESSORIAL-TENURE
PROF-AY-1/9-B/E/E,1145,PROFESSORIAL-TENURE
PROF-AY-1/9-LAW,1181,PROFESSORIAL-TENURE
PROF-AY-B/E/E,1143,PROFESSORIAL-TENURE
PROF-AY-LAW,1180,PROFESSORIAL-TENURE
PROF-FY,1110,PROFESSORIAL-TENURE
PROF-FY-B/E/E,1144,PROFESSORIAL-TENURE
PROF-HCOMP,1721,PROFESSORIAL-TENURE
PROF-SFT-VM,1901,PROFESSORIAL-TENURE
PROG COORD,3540,UNIVERSITY EXTENSION-OTHER
PROGRAM COORDINATOR NEX,3539,UNIVERSITY EXTENSION-OTHER
PROJ SCIENTIST (WOS),3487,PROJECT SERIES
PROJ SCIENTIST-FY,3390,PROJECT SERIES
PROJ SCIENTIST-FY NEX,3490,PROJECT SERIES
PROJ SCIENTIST-FY NON REP,3403,PROJECT SERIES
PROJ SCIENTIST-FY-B/E/E,3391,PROJECT SERIES
PROJ SCIENTIST-FY-B/E/E NEX,3491,PROJECT SERIES
PROJ SCIENTIST-FY-B/E/E NONREP,3404,PROJECT SERIES
PROJ SCI-FY NEX NON REP,3413,PROJECT SERIES
PROJ SCI-FY-B/E/E NEX NON REP,3414,PROJECT SERIES
READER-GSHIP,2850,OTHER STUDENT TITLES
READER-GSHIP/NON REP,2854,OTHER STUDENT TITLES
READER-NON GSHIP,2851,OTHER STUDENT TITLES
READER-NON GSHIP/NON REP,2855,OTHER STUDENT TITLES
READER-NON STDNT,2500,MISCELLANEOUS TITLES-SINGLE TITLES
READER-NON STDNT/NON REP,2520,MISCELLANEOUS TITLES-SINGLE TITLES
RECALL FACULTY,1702,PROFESSORIAL-RECALL
RECALL HCOMP,1701,PROFESSORIAL-RECALL
RECALL NON-FACULTY ACAD,3802,MISCELLANEOUS TITLES-SINGLE TITLES
RECALL NON-FACULTY ACAD NEX,3812,MISCELLANEOUS TITLES-SINGLE TITLES
RECALL TEACHING,1700,PROFESSORIAL-RECALL
RECALL TEACHING NON-SENATE,1699,PROFESSORIAL-RECALL
REGENTS' LECT,1968,MISCELLANEOUS TITLES-SINGLE TITLES
REGENTS' PROF,1958,MISCELLANEOUS TITLES-SINGLE TITLES
REMD TUT I-GSHIP,2288,OTHER STUDENT TITLES
REMD TUT I-GSHIP/NON REP,2271,OTHER STUDENT TITLES
REMD TUT II NON-GSHIP/NON REP,2272,OTHER STUDENT TITLES
REMD TUT II-GSHIP,2289,OTHER STUDENT TITLES
REMD TUT II-GSHIP/NON REP,2273,OTHER STUDENT TITLES
REMD TUT II-NON GSHIP,2290,OTHER STUDENT TITLES
REMD TUT I-NON GSHIP,2280,OTHER STUDENT TITLES
REMD TUT I-NON GSHIP/NON REP,2270,OTHER STUDENT TITLES
RES (WOS),3202,PROFESSIONAL RESEARCH-REGULAR
RES PROF-MILLER INST-AY,3290,OTHER RESEARCH
RES PROF-MILLER INST-FY,3291,OTHER RESEARCH
RES SCRIPPS-AY,1935,PROFESSIONAL RESEARCH-REGULAR
RESEARCH ASSOCIATE,CWR022,CONTINGENT WORKER
RESEARCH FELLOW,CWR021,CONTINGENT WORKER
RES-FY,3200,PROFESSIONAL RESEARCH-REGULAR
RES-FY NEX,3170,PROFESSIONAL RESEARCH-REGULAR
RES-FY NEX NON REP,3171,PROFESSIONAL RESEARCH-REGULAR
RES-FY-B/E/E,1987,PROFESSIONAL RESEARCH-REGULAR
RES-FY-B/E/E NEX,1997,PROFESSIONAL RESEARCH-REGULAR
RES-FY-B/E/E NEX NON REP,2007,PROFESSIONAL RESEARCH-REGULAR
RES-FY-B/E/E-NON REP,1993,PROFESSIONAL RESEARCH-REGULAR
RES-FY-NON REP,3207,PROFESSIONAL RESEARCH-REGULAR
RESID PHYS I/NON REP,2708,INTERN OR RESIDENT
RESID PHYS I/REP,2709,INTERN OR RESIDENT
RESID PHYS I/REP-FNO,2760,INTERN OR RESIDENT
RESID PHYS I/REP-OV,2743,INTERN OR RESIDENT
RESID PHYS II-VIII/NON REP,2724,INTERN OR RESIDENT
RESID PHYS II-VIII/REP,2723,INTERN OR RESIDENT
RESID PHYS II-VIII/REP-FNO,2761,INTERN OR RESIDENT
RESID PHYS II-VIII/REP-OV,2744,INTERN OR RESIDENT
RESID PHYS MOONLTNG NON REP,2753,INTERN OR RESIDENT
RESID PHYS MOONLTNG REP,2754,INTERN OR RESIDENT
RESID PHYS/SUBSPEC 4-8/NON REP,2726,INTERN OR RESIDENT
RESID PHYS/SUBSPEC 4-8/REP,2736,INTERN OR RESIDENT
RESID PHYS/SUBSPEC 4-8/REP-FNO,2763,INTERN OR RESIDENT
RESID PHYS/SUBSPEC 4-8/REP-OV,2746,INTERN OR RESIDENT
RESID PHYS/SUBSPEC/T32/NON REP,2749,INTERN OR RESIDENT
RESID PHYS/SUBSPEC/T32/REP,2750,INTERN OR RESIDENT
RESID-VET MED/NON REP,2730,INTERN OR RESIDENT
RES-LR SCL-AY,3203,PROFESSIONAL RESEARCH-REGULAR
RES-LR SCL-AY-1/9,3205,PROFESSIONAL RESEARCH-REGULAR
RES-LR SCL-AY-1/9-B/E/E,1982,PROFESSIONAL RESEARCH-REGULAR
RES-LR SCL-AY-B/E/E,1981,PROFESSIONAL RESEARCH-REGULAR
RES-LR SCL-FY,3201,PROFESSIONAL RESEARCH-REGULAR
RES-LR SCL-FY-B/E/E,1990,PROFESSIONAL RESEARCH-REGULAR
RES-SFT,3206,PROFESSIONAL RESEARCH-REGULAR
RES-SFT NEX,3176,PROFESSIONAL RESEARCH-REGULAR
SALARY SUPPLEMENTATION,3998,SUPPLEMENTAL PAY CODES
SENATE EMERITUS (WOS),3249,                  -SENATE-EMERITUS
SPEAKER-UNEX,3575,UNIVERSITY EXTENSION-OTHER
SPECIAL READER-UCLA-GSHIP,2852,OTHER STUDENT TITLES
SPECIAL READER-UCLA-NON GSHIP,2853,OTHER STUDENT TITLES
SPECIALIST,3300,SPECIALIST
SPECIALIST (WOS),3302,SPECIALIST
SPECIALIST AES,3004,SPECIALIST IN A.E.S.
SPECIALIST AES NEX,3104,SPECIALIST IN A.E.S.
SPECIALIST COOP EXT,3479,SPECIALIST IN COOPERATIVE EXTENSION
SPECIALIST COOP EXT NEX,3480,SPECIALIST IN COOPERATIVE EXTENSION
SPECIALIST NEX,3301,SPECIALIST
SPECIALIST NEX NON REP,3304,SPECIALIST
SPECIALIST NON REP,3303,SPECIALIST
SR LECT-AY-1/10-CONTINUING,1647,LECTURER
SR LECT-AY-1/9-CONTINUING,1643,LECTURER
SR LECT-AY-CONTINUING,1641,LECTURER
SR LECT-FY-CONTINUING,1645,LECTURER
STIPEND-OTH POST-MD TRAIN,2735,SUPPLEMENTAL PAY CODES
STIPEND-RESID,1092,SUPPLEMENTAL PAY CODES
SUBSTITUTE TEACHER,2427,MISCELLANEOUS TITLES-SINGLE TITLES
SUBSTITUTE TEACHER-CONTINUING,2428,MISCELLANEOUS TITLES-SINGLE TITLES
SUMMER DIFFERENTIAL,1098,SUPPLEMENTAL PAY CODES
SUPV TEACHER ED-AY,2220,INSTRUCTIONAL ASSISTANT
SUPV TEACHER ED-AY-CONTINUING,2221,INSTRUCTIONAL ASSISTANT
SUPV TEACHER ED-FY,2222,INSTRUCTIONAL ASSISTANT
SUPV TEACHER ED-FY-CONTINUING,2223,INSTRUCTIONAL ASSISTANT
TEACHER-LHS,2650,MISCELLANEOUS TITLES-SINGLE TITLES
TEACHER-LHS-CONTINUING,2651,MISCELLANEOUS TITLES-SINGLE TITLES
TEACHER-SPEC PROG,2460,MISCELLANEOUS TITLES-SINGLE TITLES
TEACHER-SPEC PROG-CONTINUING,2461,MISCELLANEOUS TITLES-SINGLE TITLES
TEACHER-UNEX,3574,UNIVERSITY EXTENSION-OTHER
TEACHER-UNEX-CONTRACT YR,3570,UNIVERSITY EXTENSION-OTHER
TEACHG ASST-1/10-GSHIP,2320,TEACHING ASSISTANT & EQUIVALENT
TEACHG ASST-1/10-NON GSHIP,2321,TEACHING ASSISTANT & EQUIVALENT
TEACHG ASST-GSHIP,2310,TEACHING ASSISTANT & EQUIVALENT
TEACHG ASST-GSHIP/NON REP,2312,TEACHING ASSISTANT & EQUIVALENT
TEACHG ASST-NON GSHIP,2311,TEACHING ASSISTANT & EQUIVALENT
TEACHG ASST-NON GSHIP/NON REP,2313,TEACHING ASSISTANT & EQUIVALENT
TEACHG FELLOW-GSHIP,2300,TEACHING ASSISTANT & EQUIVALENT
TEACHG FELLOW-GSHIP/NON REP,2302,TEACHING ASSISTANT & EQUIVALENT
TEACHG FELLOW-NON GSHIP,2301,TEACHING ASSISTANT & EQUIVALENT
TEACHG FELLOW-NON GSHIP/NONREP,2303,TEACHING ASSISTANT & EQUIVALENT
TUT-GSHIP,2860,OTHER STUDENT TITLES
TUT-GSHIP/NON REP,2862,OTHER STUDENT TITLES
TUT-NON GSHIP,2861,OTHER STUDENT TITLES
TUT-NON GSHIP/NON REP,2863,OTHER STUDENT TITLES
TUT-NON STDNT,2510,MISCELLANEOUS TITLES-SINGLE TITLES
TUT-NON STDNT/NON REP,2521,MISCELLANEOUS TITLES-SINGLE TITLES
UNIV PROF,1104,PROFESSORIAL-TENURE
VICE PROVOST,1068,PROVOST
VIS ASSOC PROF,1208,VISITING PROFESSOR
VIS ASSOC PROF-HCOMP,1713,VISITING PROFESSOR
VIS ASSOC PROJ SCIENTIST,3397,PROJECT SERIES-VISITING
VIS ASSOC PROJ SCIENTIST NEX,3497,PROJECT SERIES-VISITING
VIS ASSOC RES,3218,PROFESSIONAL RESEARCH-VISITING
VIS ASSOC RES NEX,3188,PROFESSIONAL RESEARCH-VISITING
VIS ASSOC SPECIALIST,3315,SPECIALIST-VISITING
VIS ASSOC SPECIALIST NEX,3316,SPECIALIST-VISITING
VIS ASST PROF,1308,VISITING PROFESSOR
VIS ASST PROF-HCOMP,1712,VISITING PROFESSOR
VIS ASST PROJ SCIENTIST,3398,PROJECT SERIES-VISITING
VIS ASST PROJ SCIENTIST NEX,3498,PROJECT SERIES-VISITING
VIS ASST RES,3228,PROFESSIONAL RESEARCH-VISITING
VIS ASST RES NEX,3198,PROFESSIONAL RESEARCH-VISITING
VIS ASST SPECIALIST,3325,SPECIALIST-VISITING
VIS ASST SPECIALIST NEX,3326,SPECIALIST-VISITING
VIS JR SPECIALIST,3335,SPECIALIST-VISITING
VIS JR SPECIALIST NEX,3336,SPECIALIST-VISITING
VIS LIBRARIAN,3615,VISITING LIBRARIAN
VIS LIBRARIAN NEX,3665,VISITING LIBRARIAN
VIS PROF,1108,VISITING PROFESSOR
VIS PROF-HCOMP,1714,VISITING PROFESSOR
VIS PROJ SCIENTIST,3396,PROJECT SERIES-VISITING
VIS PROJ SCIENTIST NEX,3496,PROJECT SERIES-VISITING
VIS RES,3208,PROFESSIONAL RESEARCH-VISITING
VIS RES NEX,3178,PROFESSIONAL RESEARCH-VISITING
VIS SPECIALIST,3305,SPECIALIST-VISITING
VIS SPECIALIST NEX,3306,SPECIALIST-VISITING
VISITING SCHOLAR,CWR015,CONTINGENT WORKER
VISITING STUDENT RES-GRADUATE,CWR003,CONTINGENT WORKER
VISITING STUDENT RES-UNDERGRAD,CWR016,CONTINGENT WORKER
CHAN,30,CHANCELLOR
CEO MED CTR,164,CHIEF EXECUTIVE OFFICER
CHF INV OFCR,60,CHIEF INVESTMENT OFFICER AND VICE PRESIDENT - INVESTMENTS
EXEC VP BUS OPS (EXEC VP COO),68,(EXECUTIVE VICE PRESIDENT - CHIEF OPERATING OFFICER)
EXEC VP UC HEALTH,43,EXECUTIVE VICE PRESIDENT - UC HEALTH
EXEC VP CFO,72,EXECUTIVE VICE PRESIDENT AND CHIEF FINANCIAL OFFICER
GENERAL COUNSEL VP LEGAL AFFAI,80,GENERAL COUNSEL AND VICE PRESIDENT - LEGAL AFFAIRS
DIR LAB,01LBNL,LABORATORY DIRECTOR
PRESIDENT OF THE UNIV,1,PRESIDENT OF THE UNIVERSITY
PROVOST EXEC VP ACAD AFFAIRS,10,PROVOST AND EXECUTIVE VICE PRESIDENT - ACADEMIC AFFAIRS
SECR OF THE REGENTS,55,SECRETARY AND CHIEF OF STAFF TO THE REGENTS
SPC AST TO PRESIDENT,130,SENIOR ADVISOR TO THE PRESIDENT FOR INNOVATION AND ENTREPRENUERSHIP
SVP CCAO,116,SENIOR VICE PRESIDENT - CHIEF COMPLIANCE AND AUDIT OFFICER
SVP GOVERNMENT REL,148,SENIOR VICE PRESIDENT - GOVERNMENT RELATIONS
SVP PUBL AFFAIRS,147,SENIOR VICE PRESIDENT - PUBLIC AFFAIRS (COMMUNICATIONS)
VP ANR,16,VICE PRESIDENT - AGRICULTURE AND NATURAL RESOURCES
VP NATIONAL LAB,143,VICE PRESIDENT - LABORATORY MANAGEMENT
AST VP FINANCIAL CNTRL ACCTBLY,36,ASSISTANT VICE PRESIDENT - FINANCIAL CONTROLS AND ACCOUNTABILITY
AST VP INSTITUTIONAL ADV,37,ASSISTANT VICE PRESIDENT - INSTITUTIONAL ADVANCEMENT
ASC CHF INV OFCR,65,ASSOCIATE CHIEF INVESTMENT OFFICER
ASC LAB DIR,06LBNL,ASSOCIATE LABORATORY DIRECTOR
ASC VC DVRSTY AND CEAO,4,ASSOCIATE VICE CHANCELLOR - DIVERSITY AND INCLUSION AND CHIEF EXTERNAL AFFAIRS OFFICER
ASC VC AND ASC DEAN SR SOM,2,ASSOCIATE VICE CHANCELLOR - MEDICAL SCIENCES AND SENIOR ASSOCIATE DEAN - SCHOOL OF MEDICINE
ASC VP ACAD PRG AND STRAT,5,ASSOCIATE VICE PRESIDENT - ACADEMIC PROGRAMS AND STRATEGIC INITIATIVES
ASC VP BUDGET AND FAC MGT,6,ASSOCIATE VICE PRESIDENT – BUDGET AND FACILITIES MANAGEMENT
ASC VP BUS OPS,7,ASSOCIATE VICE PRESIDENT - BUSINESS OPERATIONS
ASC VP BUS OPS ANR,8,ASSOCIATE VICE PRESIDENT - BUSINESS OPERATIONS (ANR)
ASC VP,171,ASSOCIATE VICE PRESIDENT – CAPITAL FINANCIAL PLANNING AND ANALYSIS
ASC VP CAPITAL RESC MGT,11,ASSOCIATE VICE PRESIDENT - CAPITAL RESOURCE MANAGEMENT
ASC VP CPO,13,ASSOCIATE VICE PRESIDENT - CHIEF PROCUREMENT OFFICER
ASC VP CSO,22,ASSOCIATE VICE PRESIDENT - CHIEF STRATEGY OFFICER
ASC VP - ENERGY & SUSTAINABILITY,182,ASSOCIATE VICE PRESIDENT - ENERGY AND SUSTAINABILITY
ASC VP FEDERAL GOVERNMENT REL,23,ASSOCIATE VICE PRESIDENT - FEDERAL GOVERNMENT RELATIONS
ASC VP HS,24,ASSOCIATE VICE PRESIDENT - HEALTH SCIENCES
ASC VP LAB OPS ADMST,26,ASSOCIATE VICE PRESIDENT - LABORATORY OPERATIONS AND ADMINISTRATION
ASC VP LAB PRG,27,ASSOCIATE VICE PRESIDENT - LABORATORY PROGRAMS
ASC VP SYSWIDE CONTROLLER,21,ASSOCIATE VICE PRESIDENT - SYSTEMWIDE CONTROLLER
ASC VP STATE GOVERNMENT REL,29,ASSOCIATE VICE PRESIDENT AND DIRECTOR - STATE GOVERNMENT RELATIONS
CAO MED CTR,162,CHIEF ADMINISTRATIVE OFFICER - MEDICAL CENTER
CHF CAMPUS COUNSEL,82,CHIEF CAMPUS COUNSEL
CHF CMPLNC OFCR,38,CHIEF COMPLIANCE OFFICER - MEDICAL CENTER
CHF DEPUTY GENERAL COUNSEL,152,CHIEF DEPUTY GENERAL COUNSEL
CFO MED CTR,165,CHIEF FINANCIAL OFFICER
CFO HEALTH SYS AND CAMPUS,153,CHIEF FINANCIAL OFFICER - HEALTH SYSTEMS AND CAMPUS
CFO LBNL,03LBNL,CHIEF FINANCIAL OFFICER - LBNL
CIO MED CTR,173,CHIEF INFORMATION OFFICER
CHF LAB COUNSEL,04LBNL,CHIEF LABORATORY COUNSEL
CMO MED CTR,174,CHIEF MEDICAL OFFICER
CHF NURSE OFCR,166,CHIEF NURSING OFFICER
COO MED CTR,172,CHIEF OPERATING OFFICER
COO LBNL,02LBNL,CHIEF OPERATING OFFICER - LBNL
CQO MED CTR,41,CHIEF QUALITY OFFICER
CRO,46,CHIEF RISK OFFICER
CSO MED CTR,175,CHIEF STRATEGY OFFICER
DEAN UNIV EXT,47,DEAN - UNIVERSITY EXTENSION
DEPUTY GEN COUNSEL,81,DEPUTY GENERAL COUNSEL
DEPUTY LAB DIR,05LBNL,DEPUTY LABORATORY DIRECTOR
DEPUTY TO ASC VP LAB OPS,48,DEPUTY TO THE ASSOCIATE VICE PRESIDENT - LABORATORY OPERATIONS
DIR CONTRACTS MGT,51,DIRECTOR - CONTRACTS MANAGEMENT
DIR UNIV PRESS,52,DIRECTOR - UNIVERSITY PRESS
EXEC VP PHYS SVS & VICE DEAN - CLIN AFFAIRS,151,EXEC VP PHYSICIAN SERVICES VICE DEAN CLINICAL AFFAIRS
EXEC DIR INNOV ALLNS AND SVC,56,EXECUTIVE DIRECTOR - INNOVATION ALLIANCES AND SERVICES
EXEC DIR RGPO,62,EXECUTIVE DIRECTOR - RESEARCH GRANTS AND PROGRAM OFFICE
EXEC DIR AND COO PHYSCN SUPP,53,EXECUTIVE DIRECTOR AND CHIEF OPERATING OFFICER - PHYSICIAN SUPPORT
EXEC VC AND PROVOST,66,EXECUTIVE VICE CHANCELLOR AND PROVOST
EXEC DIR MED GROUP,59,MEDICAL GROUP EXECUTIVE DIRECTOR
SR MGN DIR FIXED INCOME ASSETS,73,SENIOR MANAGING DIRECTOR - FIXED INCOME ASSETS
SR MGN DIR PUBL EQUITY INV,74,SENIOR MANAGING DIRECTOR - PUBLIC EQUITY INVESTMENTS
SR MGN DIR RISK MGT,75,SENIOR MANAGING DIRECTOR - RISK MANAGEMENT
SVP Adult Services and President UCSF MC,149,SENIOR VICE PRESIDENT ADULT SERVICES
UNIV LIBRARIAN,118,UNIVERSITY LIBRARIAN
VC ACAD PERSONNEL,78,VICE CHANCELLOR - ACADEMIC PERSONNEL
VC BUDGET AND PLANNING,124,VICE CHANCELLOR - BUDGET AND PLANNING
VC BUS ADMST,126,VICE CHANCELLOR - BUSINESS ADMINISTRATION
VC CFO,154,VICE CHANCELLOR - CHIEF FINANCIAL OFFICER
VC DEV AND UNIV REL,127,VICE CHANCELLOR - DEVELOPMENT/UNIVERSITY RELATIONS
VC EQUITY AND INCLUSION,128,VICE CHANCELLOR - EQUITY AND INCLUSION
VC AND DEAN GRAD STUDIES,79,VICE CHANCELLOR - GRADUATE STUDIES AND DEAN - GRADUATE DIVISION
VC IT,131,VICE CHANCELLOR - INFORMATION TECHNOLOGY
VC AND DEAN MARINE SCI,86,GRADUATE SCHOOL OF MARINE SCIENCES AND DIRECTOR SCRIPPS INSTITUTION OF OCEANOGRAPHY
VC RSCH,132,VICE CHANCELLOR - RESEARCH
VC STDT AFFAIRS,133,VICE CHANCELLOR - STUDENT AFFAIRS
VC UNDERGRAD,20,VICE CHANCELLOR - UNDERGRADUATE EDUCATION
VC AND DEAN SOM,87,VICE CHANCELLOR AND DEAN - SCHOOL OF MEDICINE
VP HR,142,VICE PRESIDENT - HUMAN RESOURCES
VP IT AND CIO,25,VICE PRESIDENT - INFORMATION TECHNOLOGY AND CHIEF INFORMATION OFFICER
VP IR AND ACAD PLANNING,28,VICE PRESIDENT - INSTITUTIONAL RESEARCH AND ACADEMIC PLANNING
VP RSCH AND GRAD STUDIES,144,VICE PRESIDENT - RESEARCH AND GRADUATE STUDIES
VP STDT AFFAIRS,146,VICE PRESIDENT - STUDENT AFFAIRS
VICE PROVOST ACAD INFO,135,VICE PROVOST - ACADEMIC INFORMATION AND STRATEGIC SERVICES
VICE PROVOST ACAD PERSONNEL,136,VICE PROVOST - ACADEMIC PERSONNEL
VICE PROVOST EDUC PARTNERSHIP,137,VICE PROVOST - EDUCATION PARTNERSHIP